2IXR PLATFORM;12;12
GESTDOC360;13;13
PROJECT ACCESSCITY;14;14
ADQUIVER – THE DEFINITIVE SELLING REVOLUTION;15;15
BALANCING TOURIST CAPACITY VIA BLOCKCHAIN;16;16
CO-APS;17;17
TOURIST GUIDE APPS WITH AUGMENTED REALITY;18;18
360o TOURISM PRODUCTS;19;19
AVISA APPLICATION: MOBILE APP FOR CITIZEN PARTICIPATION FOR REPORTING URBAN ISSUES;20;20
DEVELOPMENT OF TOURISM APPS. APP FOR THE TOURISM DEVELOPMENT OF AN AREA;21;21
DEVELOPMENT OF VIRTUAL ASSISTANTS;22;22
DEVELOPMENT OF VIRTUAL IMMERSIVE CONTENT;23;23
NADIA DTI;24;24
WANDO EXPERIENCES;25;25
STRATEGY AND VALUE PROPOSITION FOR SMART DESTINATIONS;26;26
TOURISM INTELLIGENCE TO OPTIMISE THE MODEL;27;27
REGIONAL MARKETING PLAN;28;28
ACCESSIBILITY CERTIFICATION;29;29
ACCESSIBILITY STUDY IN THE PROJECT PHASE;30;30
ACCESSIBILITY STUDY IN EXISTING BUILDINGS;31;31
CHATBOT TARO;32;32
TOURISM CHATBOT;33;33
CREATING AND SHARING CONTENT FOR TOURIST DESTINATIONS;34;34
WEB DEVELOPMENT;35;35
BRAND POSITIONING AND DEVELOPMENT;36;36
CLORIAN;37;37
URBAN ACCESSIBILITY MANAGER;38;38
MY PROVINCE, YOUR DESTINATION;39;39
TOURIST INFORMATION SEGMENTATION PLATFORM;40;40
JOIN.CHAT;41;41
DF BEHAVIOUR;42;42
DF CAMPAIGNS;43;43
DF CAPACITY CONTROL;44;44
TUROBSERVER SMART TOURISM REPORTS;45;45
VIRTUAL TOURISM ASSISTANT;46;46
PERSONALISED GEOPOSITIONED VIDEO GAMES;47;47
BUS OPERATIVE;48;48
HIGH-RESOLUTION DIGITAL TOURIST VIEWPOINTS;49;49
NUBART AUDIO GUIDE;50;50
REAL-TIME CAPACITY CONTROL (PEOPLE COUNTING, HEAD COUNTING);51;51
DATA VISUALISATION AND ANALYSIS SOFTWARE;52;52
Wi-Fi TRACKING, MOBILE TRACEABILITY, HEAT MAPS, DWELL TIME;53;53
DINYCONT;54;54
DINYPARK;55;55
DINYTRACK;56;56
DOTSENSE;57;57
SOLARMAP;58;58
TOURISM CONSULTANCY AND TRAINING;59;59
CONSULTANCY SERVICES FOR SMART CITIES AND COMPETITIVE TERRITORIES;60;60
EQUALITAS ACCESSIBILITY. ACCESSIBLE TOURISM CONSULTANCY;61;61
EQUALITAS VITAE ACCESSIBLE TOURISM. ACCESSIBLE TOURISM PROMOTION;62;62
EUROPEAN INCLUSIVE TOURISM INSTITUTE. ACCESSIBLE TOURISM TRAINING;63;63
360 IT SERVICES;64;64
INSUIT;65;65
COGITO INTELLIGENCE PLATFORM (CIP);66;66
INTEGRATED CAPACITY MANAGEMENT FOR PRIVATE AND PUBLIC PREMISES;67;67
SMART HERITAGE MANAGEMENT;68;68
SMART MANAGEMENT OF CULTURAL TOURISM;69;69
SAFE VISITOR MANAGEMENT;70;70
FS LOYALTY-DISCOVERY;71;71
FS OSINT;72;72
SMARTGRAPH;73;73
GECOR;74;74
BIOTECHNOLOGY FOR BEACHES WITH PETS, ROTTING SEAWEED AND WATER IN URBAN PONDS;75;75
ECOTOTEM URBAN AIR FILTRATION, CREATING BIO-PROTECTED ANTI-COVID ZONES;76;76
LIQUID PHOTOCATALYSIS NANOLAYER 2 YEARS COVID FREE;77;77
SMART ODOR WASTE;78;78
TOURIST VISIT APPS AND WEB APPS;79;79
CONTENT DIGITALISATION;80;80
DESTINATION MANAGEMENT TOOLS;81;81
DESTINATION DIGITAL MARKETING TOOLS;82;82
TOURIST PORTALS AND PLANNERS;83;83
HI POINT, HEALTH INNOVATION POINT;84;84
INFO POINT;85;85
SMART SPOT - AIR QUALITY, NOISE AND PEOPLE FLOW MONITORING SENSOR;86;86
ICLOUDCOMPLIANCE;87;87
INTERACTIVE VIRTUAL TOURIST OFFICE;88;88
REAL WEB;89;89
CSV ANALYSIS FOR TOURISM PROJECTS. MATERIALITY AND STAKEHOLDER ANALYSIS;90;90
ANALYSING TOURIST DEMAND THROUGH BIG DATA;91;91
VIRTUAL COMPETITIVENESS, INNOVATION AND SUSTAINABILITY TRAINING CENTRE;92;92
DESIGN AND DEVELOPMENT OF TOURISM PRODUCTS (AND TOURIST PRODUCT CLUBS);93;93
IMPLEMENTATION OF MANAGEMENT SYSTEMS (QUALITY, ENVIRONMENT, OCCUPATIONAL RISK PREVENTION);94;94
SUSTAINABLE DEVELOPMENT PROFILE (SDG);95;95
TOURIST SUSTAINABILITY PLANS IN DESTINATIONS;96;96
MANAGEMENT PLATFORM FOR PARTICIPATORY PROCESSES IN THE PLANNING OF SMART DESTINATIONS;97;97
VIEWTRAVEL;98;98
Q FOR TOURISM QUALITY;99;99
SAFE TOURISM CERTIFIED;100;100
INFOTOURIST OFFICE;101;101
INFOTOURIST-NET;102;102
TECHNICAL ASSISTANCE FOR DEVELOPING A TOURIST DESTINATION SUSTAINABILITY PLAN;103;103
TRAINING AND WORKSHOPS FOR SMART TOURIST DESTINATION MANAGERS;104;104
CICLOPS DTI SMART DESTINATION MANAGEMENT AND MONITORING SOFTWARE;105;105
MASTER PLAN FOR THE CREATION OF A SMART DESTINATION;106;106
STANDARDISED TOURISM INTELLIGENCE SYSTEM;107;107
STANDARDISED INTEGRATED MANAGEMENT SYSTEM FOR SMART DESTINATIONS;108;108
SMART OFFICE DTI;109;109
LoRaWAN - BOSCH PARKING SPACE MANAGEMENT DISTRIBUTED BY AONCHIP;110;110
RELAY BOX- REMOTE CONTROL VIA LORAWAN NETWORKS;111;111
SMARTBRIDGE - MODBUS TO LORAWAN GATEWAY;112;112
WATERSENS;113;113
ITSVIZIT;114;114
PHONE BOX TURNED TOURIST OFFICE;115;115
INFORMATION THROUGH THE IURBAN TOURIST PLATFORM;116;116
DIGITAL TOURIST OFFICE;117;117
OUTDOOR DIGITAL TOTEMS TO SUPPORT TOURIST OFFICES;118;118
TOURISM CONSULTANCY TO DRAFT AND IMPLEMENT TOURISM SUSTAINABILITY PLANS;119;119
SMART DESTINATION MANAGEMENT TRAINING AND TOURISM SUSTAINABILITY PLANS. IMPLEMENTATION OF THE 2030 AGENDA, CSR AND SDGS IN THE TOURISM SECTOR;120;120
TOURISM STANDARDISATION AND CERTIFICATION. IMPLEMENTATION OF THE Q MARK AND ASSESSMENT OF THE UNE 166006:2018 STANDARD;121;121
DRAFTING AND IMPLEMENTATION OF SMART DESTINATION AND STRATEGIC TOURISM PLANS;122;122
DRAFTING AND IMPLEMENTATION OF COVID-19 CONTINGENCY PLANS;123;123
NEELO;124;124
TOURISM INTELLIGENCE PLATFORM;125;125
CONSULTANCY FIRM SPECIALISING IN DATA VISUALISATION THROUGH GIS TECHNOLOGIES;126;126
MABRIAN TOURISM INTELLIGENCE PLATFORM;127;127
APP&TOWN COMPAGNON;128;128
MISTERPLAN DESTINATIONS;129;129
IoT CONSULTANCY;130;130
SMART WASTE MANAGEMENT;131;131
MEASURING CO2;132;132
SMART WATER MEASUREMENT;133;133
LORAWAN NETWORKS;134;134
ECOSAT;135;135
DATA INTELLIGENCE FOR BETTER UNDERSTANDING THE VISITOR. TOUR ASSISTANTS, AUDIO GUIDES AND MULTIMEDIA GUIDES FOR TOURIST DESTINATIONS;136;136
MYSTREETBOOK;137;137
KAIROS365 SCH - BOOKING AND APPOINTMENTS PLATFORM;138;138
DIGITAL TOURISM REPUTATION MONITOR;139;139
TOURISM TRENDS TRACKING;140;140
DINAMIC URBAN COMMERCE (DUC);141;141
SAFE BEACHES: BEACH CAPACITY MANAGEMENT SYSTEM;142;142
DYNAMIC HOTEL & DESTINATION EMAIL MARKETING MANAGER;143;143
OK LOCATED;144;144
DIGITAL PRODUCTS AND SOLUTIONS. DIGITAL TRANSFORMATION;145;145
ARTIFICAL INTELLIGENCE PLATFORM;146;146
VIRTUAL TOURISM ASSISTANTS (CHATBOTS) BASED ON ARTIFICIAL INTELLIGENCE;147;147
OPTIMIZADATA ANALYTICS;148;148
OPTIMIZADATA SOCIAL NETWORK BAROMETER;149;149
OPTIMIZADATA INFLUENCERS;150;150
INTEGRATED TOURISM EXPERIENCES;151;151
GAMIFIED MOBILE GUIDE;152;152
DIGITAL TOURISM TREASURE HUNT;153;153
SMART DATA PLATFORM;154;154
PLAYVISIT S.L.;155;155
TUR4ALL, ACCESSIBLE TOURISM FOR ALL;156;156
ACCESSIBLE PDF ADAPTATION;157;157
PUNTODIS COVID-19 CATALOGUE;158;158
CHEF'S VOICE: A NETWORK OF ACCESSIBLE RESTAURANTS;159;159
CONVERSION OF CONTENT TO EASY-READ FORMAT;160;160
MAP'S VOICE. ACCESSIBLE INFORMATION POINT;161;161
MUSEUM'S VOICE. UNIVERSAL ART;162;162
3D VIEWING, MODELLING AND PRINTING;163;163
BARET: SMART TOURISM PLATFORM;164;164
SMART POSTERS;165;165
PHYGI VR;166;166
INTERACTIVE GUIDED TOURISM APP;167;167
INFOPANEL AR;168;168
PAST VIEW;169;169
IMMERSIVE VR;170;170
VIRTUAL REALITY WALKS;171;171
NODOS SEEKETING WEOBSERVE, MASS FLOW ANALYSIS;172;172
SEEKETING CAPACITY. CAPACITY CONTROL FOR BEACHES, SQUARES, STREETS AND EVENTS, PLUS COVID TRACING;173;173
SEEKETING WEOPTIMIZE MASS PROXIMITY MARKETING WITHOUT AN APP;174;174
INCLUSIVE TOURISM CHATBOT;175;175
TOURISM CONSULTANCY SERVICES AND TRAINING;176;176
SIGO INCIDENTS;177;177
INVENTRIP;178;178
SIGNING;179;179
SMART DESTINATION PLATFORM (ATHENA);180;180
AUMENTUR;181;181
EVENTS CALENDAR;182;182
SMARTVEL CHATBOT;183;183
Covid-19 TRAVEL RESTRICTIONS;184;184
CUSTOMISABLE DESTINATION GUIDES;185;185
TRIP PLANNER;186;186
TOUCH SCREEN TOURIST INFORMATION KIOSKS;187;187
CONSULTANCY SERVICES FOR SUSTAINABLE SMART DESTINATIONS;188;188
PARK4DIS;189;189
TOURISM INTELLIGENCE SYSTEM FOR SMART DESTINATIONS;190;190
BIG DATA ANALYTICS FOR THE LEISURE AND TOURISM SECTOR;191;191
INCLUSIVE CULTURAL MEDIATION SOLUTIONS;192;192
TOURISM INTELLIGENCE PLATFORM - HODEIAN;193;193
SMART LIGHTING;194;194
SMART BUOY;195;195
AIR QUALITY;196;196
NOISE QUALITY;197;197
URBAN GOODS DISTRIBUTION LOADING AND UNLOADING AREA;198;198
DIGITAL CONTENT;199;199
PEOPLE AND BICYCLE COUNTER;200;200
CENTRAL AREA ACCESS CONTROL;201;201
CAPACITY CONTROL;202;202
TOURISM DATA;203;203
WASTE MANAGEMENT;204;204
SHIFT MANAGER;205;205
DIGITAL TOURIST OFFICE;206;206
SMART PEDESTRIAN CROSSINGS;207;207
RESKILLING PLATFORM AND TRAINING ITINERARY;208;208
THINKING CITY PLATFORM;209;209
SMART IRRIGATION;210;210
SMART TOURIST ROUTES;211;211
SMART BEACH;212;212
SMART BUILDING;213;213
SMART PARKING;214;214
SMART HERITAGE;215;215
SMART WATER METERING;216;216
DIGITAL TOURIST CARD;217;217
URBAN TOTEM DISPLAYS;218;218
TOURISM CONSULTANCY SERVICES;219;219
INSIGHTS-X FOR DESTINATIONS;220;220
TOURISMATIC;221;221
VISITBOT;222;222
SMART DESTINATION SELF-DIAGNOSIS;223;223
CLEVERUS;224;224
HI+CARD;225;225
ONEPASS;226;226
COMTUR;227;227
GESTUR;228;228
360o VR VIDEOS TO PROMOTE AND DIGITALISE DESTINATIONS AND MAKE THEM MORE ACCESSIBLE AND SUSTAINABLE WITH LOOKISH TRAVEL GUIDE;229;229
LOOKISH SPAIN 360o VIRTUAL REALITY TOURIST GUIDE WITH INTERACTIVE MAP (SUSTAINABLE SOLUTION);230;230
LOOKISH INFORMATIVE TOUCH SCREEN LCD TOTEM DISPLAYS AND DIGITAL POSTERS;231;231
TRUESOLUTIONS;232;232
EXPERIENCES HUB;233;233
SMART DESTINATION REPUTATION ANALYSIS;234;234
TOURIST DEMAND ANTICIPATION: OCCUPANCY RATE;235;235
UNDERSTANDING TOURISTS;236;236
GEOLOCATING TOURISTS;237;237
UNBLOCK THE SMART SIDE OF THE CITY;238;238
URBIM;239;239
FASTPRK: MANAGEMENT OF PARKING SPACES RESERVED FOR CHARGING ELECTRIC VEHICLES.;240;240
FASTPRK: MANAGEMENT OF PARKING SPACES RESERVED FOR PEOPLE WITH REDUCED MOBILITY.;241;241
FASTPRK: MANAGEMENT OF PARKING SPACES AND AREAS RESERVED FOR LOADING AND UNLOADING OPERATIONS;242;242
FASTPRK: MONITORING OF REGULATED PARKING ON PUBLIC ROADS;243;243
FASTPRK: MANAGEMENT OF TIME FOR FREE PARKING ON PUBLIC ROADS;244;244
FASTPRK: GUIDED PARKING SYSTEM FOR PARK & RIDE CAR PARKS;245;245
FASTPRK: GUIDED PARKING SYSTEM FOR TOURIST BUSES;246;246
FASTPRK: OUTDOOR URBAN PARKING GUIDING SYSTEM;247;247
TOUCHFREE INTERACTIVITY;248;248
SENSITIVESPACE;249;249
VIDEOENPLAY;250;250
VISITOR EXPERIENCE AND DESTINATION TOURISM REPUTATION MONITOR;251;251
HEALTH SECURITY PERCEPTION AND TRUST MONITOR OF A DESTINATION'S TOURISM SERVICES;252;252
SMART TOURISM AND SUSTAINABILITY SYSTEM IN DESTINATIONS (DESTINATION STS);253;253
SMART TOURISM AND SUSTAINABILITY SYSTEM IN PRODUCTS (PRODUCT STS);254;254
TRABITAT;255;255
CYBERSAFE DESTINATION: CYBERSECURITY AUDIT ON THE CURRENT STATUS OF A SMART DESTINATION SERVICE;256;256
QUAMTRA SMART WASTE MANAGEMENT;257;257
WELIGHT SMART LIGHTING;258;258
WESAVE ENERGY EFFICIENCY;259;259
WIONGO SMARTWIFI / DESTINATION CRM / CAPACITY MANAGEMENT AND MOBILITY FLOW;260;260
IBEAKEN;261;261
IVIEWPOINT;262;262
YBVR VISIT EXPERIENCE;263;263
